ترتیب,کد رشته‌محل,رشته,دانشگاه/مؤسسه,شهر,نوع پذیرش,دوره,ظرفیت,شانس قبولی (برآورد ۱۴۰۴),برچسب,بخش,توضیح/شرایط,مبنای برآورد
1,35974,مدیریت مالی,دانشگاه الزهرا(س) – تهران (ویژه خواهران),تهران,با آزمون,روزانه (دولتی),13,2٪,زیر ۲۰٪ (خیلی کم),B1,,تهران – مدیریت (۱۴۰۴)
2,35995,مدیریت مالی,دانشگاه تهران,تهران,با آزمون,روزانه (دولتی),12,2٪,زیر ۲۰٪ (خیلی کم),B1,,تهران – مدیریت (۱۴۰۴)
3,36006,مدیریت مالی,دانشگاه خوارزمی – تهران,تهران,با آزمون,روزانه (دولتی),18,2٪,زیر ۲۰٪ (خیلی کم),B1,محدودیت در ارائه خوابگاه,تهران – مدیریت (۱۴۰۴)
4,36052,مدیریت مالی,دانشگاه علامه طباطبایی,تهران,با آزمون,روزانه (دولتی),13,2٪,زیر ۲۰٪ (خیلی کم),B1,دارای خوابگاه ملکی,علامه – مدیریت (۱۴۰۴)
5,34628,حقوق,دانشگاه علامه طباطبایی,تهران,با آزمون,روزانه (دولتی),70,2٪,زیر ۲۰٪ (خیلی کم),B1,دارای خوابگاه ملکی,علامه – حقوق (۱۴۰۴)
6,34637,فقه و حقوق اسلامی,دانشگاه علامه طباطبایی,تهران,با آزمون,روزانه (دولتی),20,2٪,زیر ۲۰٪ (خیلی کم),B1,دارای خوابگاه ملکی,علامه – حقوق (۱۴۰۴)
7,34405,حقوق,دانشگاه تبریز,تبریز,با آزمون,روزانه (دولتی),36,2٪,زیر ۲۰٪ (خیلی کم),B1,,تبریز – حقوق (۱۴۰۴)
8,35969,روان‌شناسی,دانشگاه الزهرا(س) – تهران (ویژه خواهران),تهران,با آزمون,روزانه (دولتی),12,2٪,زیر ۲۰٪ (خیلی کم),B1,,تهران – روانشناسی/مشاوره (۱۴۰۴)
9,34589,مشاوره,دانشگاه تهران,تهران,با آزمون,روزانه (دولتی),20,2٪,زیر ۲۰٪ (خیلی کم),B1,,تهران – روانشناسی/مشاوره (۱۴۰۴)
10,35987,روان‌شناسی,دانشگاه تهران,تهران,با آزمون,روزانه (دولتی),12,2٪,زیر ۲۰٪ (خیلی کم),B1,,تهران – روانشناسی/مشاوره (۱۴۰۴)
11,35985,اقتصاد,دانشگاه تهران,تهران,با آزمون,روزانه (دولتی),21,2٪,زیر ۲۰٪ (خیلی کم),B1,,تهران – مالی/حسابداری/اقتصاد (۱۴۰۴)
12,35986,حسابداری,دانشگاه تهران,تهران,با آزمون,روزانه (دولتی),12,2٪,زیر ۲۰٪ (خیلی کم),B1,,تهران – مالی/حسابداری/اقتصاد (۱۴۰۴)
13,35982,مدیریت بازرگانی,دانشگاه الزهرا(س) – تهران (ویژه خواهران),تهران,با آزمون,نوبت دوم (شبانه – شهریه),5,2٪,زیر ۲۰٪ (خیلی کم),B2,فاقد خوابگاه,نوبت دوم دانشگاه برتر (برآورد محافظه‌کارانه)
14,35983,مدیریت مالی,دانشگاه الزهرا(س) – تهران (ویژه خواهران),تهران,با آزمون,نوبت دوم (شبانه – شهریه),5,2٪,زیر ۲۰٪ (خیلی کم),B2,فاقد خوابگاه,نوبت دوم دانشگاه برتر (برآورد محافظه‌کارانه)
15,36008,مدیریت مالی,دانشگاه خوارزمی – تهران,تهران,با آزمون,نوبت دوم (شبانه – شهریه),4,2٪,زیر ۲۰٪ (خیلی کم),B2,فاقد خوابگاه,نوبت دوم دانشگاه برتر (برآورد محافظه‌کارانه)
16,36062,مدیریت بازرگانی,دانشگاه علامه طباطبایی,تهران,با آزمون,نوبت دوم (شبانه – شهریه),2,2٪,زیر ۲۰٪ (خیلی کم),B2,فاقد خوابگاه,نوبت دوم دانشگاه برتر (برآورد محافظه‌کارانه)
17,36063,مدیریت دولتی,دانشگاه علامه طباطبایی,تهران,با آزمون,نوبت دوم (شبانه – شهریه),2,2٪,زیر ۲۰٪ (خیلی کم),B2,فاقد خوابگاه,نوبت دوم دانشگاه برتر (برآورد محافظه‌کارانه)
18,36064,مدیریت صنعتی,دانشگاه علامه طباطبایی,تهران,با آزمون,نوبت دوم (شبانه – شهریه),2,2٪,زیر ۲۰٪ (خیلی کم),B2,فاقد خوابگاه,نوبت دوم دانشگاه برتر (برآورد محافظه‌کارانه)
19,36065,مدیریت مالی,دانشگاه علامه طباطبایی,تهران,با آزمون,نوبت دوم (شبانه – شهریه),2,2٪,زیر ۲۰٪ (خیلی کم),B2,فاقد خوابگاه,نوبت دوم دانشگاه برتر (برآورد محافظه‌کارانه)
20,36304,مدیریت صنعتی,دانشگاه بین‌المللی امام خمینی(ره),قزوین,با آزمون,نوبت دوم (شبانه – شهریه),6,2٪,زیر ۲۰٪ (خیلی کم),B2,,نوبت دوم دانشگاه برتر (برآورد محافظه‌کارانه)
21,34416,حقوق,دانشگاه تبریز,تبریز,با آزمون,نوبت دوم (شبانه – شهریه),4,2٪,زیر ۲۰٪ (خیلی کم),B2,فاقد خوابگاه,نوبت دوم دانشگاه برتر (برآورد محافظه‌کارانه)
22,34420,فقه و مبانی حقوق اسلامی,دانشگاه تبریز,تبریز,با آزمون,نوبت دوم (شبانه – شهریه),5,2٪,زیر ۲۰٪ (خیلی کم),B2,فاقد خوابگاه,نوبت دوم دانشگاه برتر (برآورد محافظه‌کارانه)
23,49113,راهنمایی و مشاوره (محل خدمت: کرج ناحیه ۲),دانشگاه فرهنگیان – پردیس بنت‌الهدی صدر قزوین,کرج,آزمون اختصاصی دانشجو-معلم,روزانه – فرهنگیان (تعهد خدمت),2,—,مشروط,B3,مخصوص بومی استان البرز – تعهد خدمت – وابسته به آزمون اختصاصی دانشجو-معلم | مخصوص متقاضیان بومی استان البرز (اولویت با بومی شهرستان‌های کرج/فردیس/چهارباغ) – تعهد خدمت,وابسته به آزمون اختصاصی دانشجو-معلم (شرط: نمره کل و اختصاصی ≥ ۵۰۰۰)
24,49114,راهنمایی و مشاوره (محل خدمت: کرج ناحیه ۳),دانشگاه فرهنگیان – پردیس بنت‌الهدی صدر قزوین,کرج,آزمون اختصاصی دانشجو-معلم,روزانه – فرهنگیان (تعهد خدمت),2,—,مشروط,B3,مخصوص بومی استان البرز – تعهد خدمت – وابسته به آزمون اختصاصی دانشجو-معلم | مخصوص متقاضیان بومی استان البرز (اولویت با بومی شهرستان‌های کرج/فردیس/چهارباغ) – تعهد خدمت,وابسته به آزمون اختصاصی دانشجو-معلم (شرط: نمره کل و اختصاصی ≥ ۵۰۰۰)
25,49115,راهنمایی و مشاوره (محل خدمت: کرج ناحیه ۴),دانشگاه فرهنگیان – پردیس بنت‌الهدی صدر قزوین,کرج,آزمون اختصاصی دانشجو-معلم,روزانه – فرهنگیان (تعهد خدمت),2,—,مشروط,B3,مخصوص بومی استان البرز – تعهد خدمت – وابسته به آزمون اختصاصی دانشجو-معلم | مخصوص متقاضیان بومی استان البرز (اولویت با بومی شهرستان‌های کرج/فردیس/چهارباغ) – تعهد خدمت,وابسته به آزمون اختصاصی دانشجو-معلم (شرط: نمره کل و اختصاصی ≥ ۵۰۰۰)
26,49112,راهنمایی و مشاوره (محل خدمت: کرج ناحیه ۱),دانشگاه فرهنگیان – پردیس بنت‌الهدی صدر قزوین,کرج,آزمون اختصاصی دانشجو-معلم,روزانه – فرهنگیان (تعهد خدمت),1,—,مشروط,B3,مخصوص بومی استان البرز – تعهد خدمت – وابسته به آزمون اختصاصی دانشجو-معلم | مخصوص متقاضیان بومی استان البرز (اولویت با بومی شهرستان‌های کرج/فردیس/چهارباغ) – تعهد خدمت,وابسته به آزمون اختصاصی دانشجو-معلم (شرط: نمره کل و اختصاصی ≥ ۵۰۰۰)
27,49116,راهنمایی و مشاوره (محل خدمت: چهارباغ),دانشگاه فرهنگیان – پردیس بنت‌الهدی صدر قزوین,کرج,آزمون اختصاصی دانشجو-معلم,روزانه – فرهنگیان (تعهد خدمت),1,—,مشروط,B3,مخصوص بومی استان البرز – تعهد خدمت – وابسته به آزمون اختصاصی دانشجو-معلم | مخصوص متقاضیان بومی استان البرز (اولویت با بومی شهرستان‌های کرج/فردیس/چهارباغ) – تعهد خدمت,وابسته به آزمون اختصاصی دانشجو-معلم (شرط: نمره کل و اختصاصی ≥ ۵۰۰۰)
28,49117,راهنمایی و مشاوره (محل خدمت: ساوجبلاغ),دانشگاه فرهنگیان – پردیس بنت‌الهدی صدر قزوین,کرج,آزمون اختصاصی دانشجو-معلم,روزانه – فرهنگیان (تعهد خدمت),1,—,مشروط,B3,مخصوص بومی استان البرز – تعهد خدمت – وابسته به آزمون اختصاصی دانشجو-معلم | مخصوص متقاضیان بومی استان البرز (اولویت با بومی شهرستان‌های کرج/فردیس/چهارباغ) – تعهد خدمت,وابسته به آزمون اختصاصی دانشجو-معلم (شرط: نمره کل و اختصاصی ≥ ۵۰۰۰)
29,49118,راهنمایی و مشاوره (محل خدمت: نظرآباد),دانشگاه فرهنگیان – پردیس بنت‌الهدی صدر قزوین,کرج,آزمون اختصاصی دانشجو-معلم,روزانه – فرهنگیان (تعهد خدمت),1,—,مشروط,B3,مخصوص بومی استان البرز – تعهد خدمت – وابسته به آزمون اختصاصی دانشجو-معلم | مخصوص متقاضیان بومی استان البرز (اولویت با بومی شهرستان‌های کرج/فردیس/چهارباغ) – تعهد خدمت,وابسته به آزمون اختصاصی دانشجو-معلم (شرط: نمره کل و اختصاصی ≥ ۵۰۰۰)
30,49088,آموزش علوم اجتماعی (محل خدمت: کرج ناحیه ۲),دانشگاه فرهنگیان – پردیس امیرکبیر کرج,کرج,آزمون اختصاصی دانشجو-معلم,روزانه – فرهنگیان (تعهد خدمت),1,—,مشروط,B3,مخصوص بومی استان البرز – تعهد خدمت – وابسته به آزمون اختصاصی دانشجو-معلم | مخصوص متقاضیان بومی استان البرز (اولویت با بومی شهرستان‌های کرج/فردیس/چهارباغ) – تعهد خدمت,وابسته به آزمون اختصاصی دانشجو-معلم (شرط: نمره کل و اختصاصی ≥ ۵۰۰۰)
31,49089,آموزش علوم اجتماعی (محل خدمت: کرج ناحیه ۳),دانشگاه فرهنگیان – پردیس امیرکبیر کرج,کرج,آزمون اختصاصی دانشجو-معلم,روزانه – فرهنگیان (تعهد خدمت),1,—,مشروط,B3,مخصوص بومی استان البرز – تعهد خدمت – وابسته به آزمون اختصاصی دانشجو-معلم | مخصوص متقاضیان بومی استان البرز (اولویت با بومی شهرستان‌های کرج/فردیس/چهارباغ) – تعهد خدمت,وابسته به آزمون اختصاصی دانشجو-معلم (شرط: نمره کل و اختصاصی ≥ ۵۰۰۰)
32,49090,آموزش علوم اجتماعی (محل خدمت: کرج ناحیه ۴),دانشگاه فرهنگیان – پردیس امیرکبیر کرج,کرج,آزمون اختصاصی دانشجو-معلم,روزانه – فرهنگیان (تعهد خدمت),1,—,مشروط,B3,مخصوص بومی استان البرز – تعهد خدمت – وابسته به آزمون اختصاصی دانشجو-معلم | مخصوص متقاضیان بومی استان البرز (اولویت با بومی شهرستان‌های کرج/فردیس/چهارباغ) – تعهد خدمت,وابسته به آزمون اختصاصی دانشجو-معلم (شرط: نمره کل و اختصاصی ≥ ۵۰۰۰)
33,49091,آموزش علوم اجتماعی (محل خدمت: ساوجبلاغ),دانشگاه فرهنگیان – پردیس امیرکبیر کرج,کرج,آزمون اختصاصی دانشجو-معلم,روزانه – فرهنگیان (تعهد خدمت),1,—,مشروط,B3,مخصوص بومی استان البرز – تعهد خدمت – وابسته به آزمون اختصاصی دانشجو-معلم | مخصوص متقاضیان بومی استان البرز (اولویت با بومی شهرستان‌های کرج/فردیس/چهارباغ) – تعهد خدمت,وابسته به آزمون اختصاصی دانشجو-معلم (شرط: نمره کل و اختصاصی ≥ ۵۰۰۰)
34,49102,امور تربیتی (محل خدمت: کرج ناحیه ۴),دانشگاه فرهنگیان – پردیس حضرت معصومه قم,کرج,آزمون اختصاصی دانشجو-معلم,روزانه – فرهنگیان (تعهد خدمت),3,—,مشروط,B3,مخصوص بومی استان البرز – تعهد خدمت – وابسته به آزمون اختصاصی دانشجو-معلم | مخصوص متقاضیان بومی استان البرز (اولویت با بومی شهرستان‌های کرج/فردیس/چهارباغ) – تعهد خدمت,وابسته به آزمون اختصاصی دانشجو-معلم (شرط: نمره کل و اختصاصی ≥ ۵۰۰۰)
35,49104,امور تربیتی (محل خدمت: ساوجبلاغ),دانشگاه فرهنگیان – پردیس حضرت معصومه قم,کرج,آزمون اختصاصی دانشجو-معلم,روزانه – فرهنگیان (تعهد خدمت),2,—,مشروط,B3,مخصوص بومی استان البرز – تعهد خدمت – وابسته به آزمون اختصاصی دانشجو-معلم | مخصوص متقاضیان بومی استان البرز (اولویت با بومی شهرستان‌های کرج/فردیس/چهارباغ) – تعهد خدمت,وابسته به آزمون اختصاصی دانشجو-معلم (شرط: نمره کل و اختصاصی ≥ ۵۰۰۰)
36,34522,مشاوره,دانشگاه خوارزمی – کرج,کرج,با آزمون,روزانه (دولتی),25,2٪,زیر ۲۰٪ (خیلی کم),B4,,خوارزمی – روانشناسی/مشاوره (۱۴۰۴)
37,35924,روان‌شناسی,دانشگاه خوارزمی – کرج,کرج,با آزمون,روزانه (دولتی),15,2٪,زیر ۲۰٪ (خیلی کم),B4,,خوارزمی – روانشناسی/مشاوره (۱۴۰۴)
38,36131,مدیریت بازرگانی,دانشگاه فردوسی مشهد,مشهد,با آزمون,روزانه (دولتی),12,2٪,زیر ۲۰٪ (خیلی کم),B4,محدودیت در ارائه خوابگاه,فردوسی – مدیریت (۱۴۰۴)
39,36132,مدیریت دولتی,دانشگاه فردوسی مشهد,مشهد,با آزمون,روزانه (دولتی),12,2٪,زیر ۲۰٪ (خیلی کم),B4,محدودیت در ارائه خوابگاه,فردوسی – مدیریت (۱۴۰۴)
40,36133,مدیریت صنعتی,دانشگاه فردوسی مشهد,مشهد,با آزمون,روزانه (دولتی),12,2٪,زیر ۲۰٪ (خیلی کم),B4,محدودیت در ارائه خوابگاه,فردوسی – مدیریت (۱۴۰۴)
41,34711,حقوق,دانشگاه فردوسی مشهد,مشهد,با آزمون,روزانه (دولتی),50,2٪,زیر ۲۰٪ (خیلی کم),B4,محدودیت در ارائه خوابگاه,فردوسی – حقوق (۱۴۰۴)
42,36123,روان‌شناسی,دانشگاه فردوسی مشهد,مشهد,با آزمون,روزانه (دولتی),21,2٪,زیر ۲۰٪ (خیلی کم),B4,محدودیت در ارائه خوابگاه,فردوسی – روانشناسی/مشاوره (۱۴۰۴)
43,36120,اقتصاد,دانشگاه فردوسی مشهد,مشهد,با آزمون,روزانه (دولتی),9,2٪,زیر ۲۰٪ (خیلی کم),B4,محدودیت در ارائه خوابگاه,فردوسی – مالی/حسابداری/اقتصاد (۱۴۰۴)
44,36122,حسابداری,دانشگاه فردوسی مشهد,مشهد,با آزمون,روزانه (دولتی),12,2٪,زیر ۲۰٪ (خیلی کم),B4,محدودیت در ارائه خوابگاه,فردوسی – مالی/حسابداری/اقتصاد (۱۴۰۴)
45,36276,مدیریت بازرگانی,دانشگاه شیراز,شیراز,با آزمون,روزانه (دولتی),12,3٪,زیر ۲۰٪ (خیلی کم),B4,دارای خوابگاه ملکی,شیراز – مدیریت (۱۴۰۴)
46,36277,مدیریت صنعتی,دانشگاه شیراز,شیراز,با آزمون,روزانه (دولتی),15,3٪,زیر ۲۰٪ (خیلی کم),B4,دارای خوابگاه ملکی,شیراز – مدیریت (۱۴۰۴)
47,34813,حقوق,دانشگاه شیراز,شیراز,با آزمون,روزانه (دولتی),80,2٪,زیر ۲۰٪ (خیلی کم),B4,دارای خوابگاه ملکی,شیراز – حقوق (۱۴۰۴)
48,36264,اقتصاد,دانشگاه شیراز,شیراز,با آزمون,روزانه (دولتی),4,3٪,زیر ۲۰٪ (خیلی کم),B4,دارای خوابگاه ملکی,شیراز – مالی/حسابداری/اقتصاد (۱۴۰۴)
49,36267,حسابداری,دانشگاه شیراز,شیراز,با آزمون,روزانه (دولتی),7,3٪,زیر ۲۰٪ (خیلی کم),B4,دارای خوابگاه ملکی,شیراز – مالی/حسابداری/اقتصاد (۱۴۰۴)
50,36285,حسابداری,دانشگاه ملی مهارت – آموزشکده دختران شیراز,شیراز,با آزمون,روزانه (دولتی),14,3٪,زیر ۲۰٪ (خیلی کم),B4,,شیراز – مالی/حسابداری/اقتصاد (۱۴۰۴)
51,36286,حسابداری,دانشگاه ملی مهارت – آموزشکده دختران شیراز,شیراز,با آزمون,روزانه (دولتی),14,3٪,زیر ۲۰٪ (خیلی کم),B4,,شیراز – مالی/حسابداری/اقتصاد (۱۴۰۴)
52,35881,مدیریت بازرگانی,دانشگاه اصفهان,اصفهان,با آزمون,روزانه (دولتی),12,2٪,زیر ۲۰٪ (خیلی کم),B4,فاقد خوابگاه,اصفهان – مدیریت (۱۴۰۴)
53,35882,مدیریت صنعتی,دانشگاه اصفهان,اصفهان,با آزمون,روزانه (دولتی),15,2٪,زیر ۲۰٪ (خیلی کم),B4,فاقد خوابگاه,اصفهان – مدیریت (۱۴۰۴)
54,34469,حقوق,دانشگاه اصفهان,اصفهان,با آزمون,روزانه (دولتی),45,2٪,زیر ۲۰٪ (خیلی کم),B4,فاقد خوابگاه,اصفهان – حقوق (۱۴۰۴)
55,34475,فقه و مبانی حقوق اسلامی,دانشگاه اصفهان,اصفهان,با آزمون,روزانه (دولتی),20,2٪,زیر ۲۰٪ (خیلی کم),B4,فاقد خوابگاه,اصفهان – حقوق (۱۴۰۴)
56,34480,مشاوره,دانشگاه اصفهان,اصفهان,با آزمون,روزانه (دولتی),40,2٪,زیر ۲۰٪ (خیلی کم),B4,فاقد خوابگاه,اصفهان – روانشناسی/مشاوره (۱۴۰۴)
57,35873,روان‌شناسی,دانشگاه اصفهان,اصفهان,با آزمون,روزانه (دولتی),24,2٪,زیر ۲۰٪ (خیلی کم),B4,فاقد خوابگاه,اصفهان – روانشناسی/مشاوره (۱۴۰۴)
58,35871,اقتصاد,دانشگاه اصفهان,اصفهان,با آزمون,روزانه (دولتی),13,5٪,زیر ۲۰٪ (خیلی کم),B4,فاقد خوابگاه,اصفهان – مالی/حسابداری/اقتصاد (۱۴۰۴)
59,35872,حسابداری,دانشگاه اصفهان,اصفهان,با آزمون,روزانه (دولتی),27,5٪,زیر ۲۰٪ (خیلی کم),B4,فاقد خوابگاه,اصفهان – مالی/حسابداری/اقتصاد (۱۴۰۴)
60,36427,مدیریت بازرگانی,دانشگاه گیلان,رشت,با آزمون,روزانه (دولتی),21,67٪,۴۵–۷۰٪ (متوسط),B4,عدم تعهد در واگذاری خوابگاه,گیلان – مدیریت (۱۴۰۴)
61,36428,مدیریت صنعتی,دانشگاه گیلان,رشت,با آزمون,روزانه (دولتی),21,67٪,۴۵–۷۰٪ (متوسط),B4,عدم تعهد در واگذاری خوابگاه,گیلان – مدیریت (۱۴۰۴)
62,34938,حقوق,دانشگاه گیلان,رشت,با آزمون,روزانه (دولتی),30,2٪,زیر ۲۰٪ (خیلی کم),B4,عدم تعهد در واگذاری خوابگاه,گیلان – حقوق (۱۴۰۴)
63,34944,مشاوره,دانشگاه گیلان,رشت,با آزمون,روزانه (دولتی),20,3٪,زیر ۲۰٪ (خیلی کم),B4,عدم تعهد در واگذاری خوابگاه,گیلان – روانشناسی/مشاوره (۱۴۰۴)
64,36421,روان‌شناسی,دانشگاه گیلان,رشت,با آزمون,روزانه (دولتی),18,3٪,زیر ۲۰٪ (خیلی کم),B4,خوابگاه,گیلان – روانشناسی/مشاوره (۱۴۰۴)
65,36419,اقتصاد,دانشگاه گیلان,رشت,با آزمون,روزانه (دولتی),10,7٪,زیر ۲۰٪ (خیلی کم),B4,عدم تعهد در واگذاری خوابگاه,گیلان – مالی/حسابداری/اقتصاد (۱۴۰۴)
66,34532,مشاوره,دانشگاه خوارزمی – کرج,کرج,با آزمون,نوبت دوم (شبانه – شهریه),5,2٪,زیر ۲۰٪ (خیلی کم),B5,فاقد خوابگاه,نوبت دوم دانشگاه برتر (برآورد محافظه‌کارانه)
67,35931,روان‌شناسی,دانشگاه خوارزمی – کرج,کرج,با آزمون,نوبت دوم (شبانه – شهریه),15,2٪,زیر ۲۰٪ (خیلی کم),B5,فاقد خوابگاه,نوبت دوم دانشگاه برتر (برآورد محافظه‌کارانه)
68,36143,مدیریت بازرگانی,دانشگاه فردوسی مشهد,مشهد,با آزمون,نوبت دوم (شبانه – شهریه),2,2٪,زیر ۲۰٪ (خیلی کم),B5,فاقد خوابگاه,نوبت دوم دانشگاه برتر (برآورد محافظه‌کارانه)
69,36144,مدیریت دولتی,دانشگاه فردوسی مشهد,مشهد,با آزمون,نوبت دوم (شبانه – شهریه),2,2٪,زیر ۲۰٪ (خیلی کم),B5,فاقد خوابگاه,نوبت دوم دانشگاه برتر (برآورد محافظه‌کارانه)
70,36145,مدیریت صنعتی,دانشگاه فردوسی مشهد,مشهد,با آزمون,نوبت دوم (شبانه – شهریه),2,2٪,زیر ۲۰٪ (خیلی کم),B5,فاقد خوابگاه,نوبت دوم دانشگاه برتر (برآورد محافظه‌کارانه)
71,34724,حقوق,دانشگاه فردوسی مشهد,مشهد,با آزمون,نوبت دوم (شبانه – شهریه),20,2٪,زیر ۲۰٪ (خیلی کم),B5,فاقد خوابگاه,نوبت دوم دانشگاه برتر (برآورد محافظه‌کارانه)
72,34729,علوم قرآن و حدیث,دانشگاه فردوسی مشهد,مشهد,با آزمون,نوبت دوم (شبانه – شهریه),5,2٪,زیر ۲۰٪ (خیلی کم),B5,فاقد خوابگاه,نوبت دوم دانشگاه برتر (برآورد محافظه‌کارانه)
73,34732,مشاوره,دانشگاه فردوسی مشهد,مشهد,با آزمون,نوبت دوم (شبانه – شهریه),5,2٪,زیر ۲۰٪ (خیلی کم),B5,فاقد خوابگاه,نوبت دوم دانشگاه برتر (برآورد محافظه‌کارانه)
74,36137,روان‌شناسی,دانشگاه فردوسی مشهد,مشهد,با آزمون,نوبت دوم (شبانه – شهریه),6,2٪,زیر ۲۰٪ (خیلی کم),B5,فاقد خوابگاه,نوبت دوم دانشگاه برتر (برآورد محافظه‌کارانه)
75,36135,اقتصاد,دانشگاه فردوسی مشهد,مشهد,با آزمون,نوبت دوم (شبانه – شهریه),2,2٪,زیر ۲۰٪ (خیلی کم),B5,فاقد خوابگاه,نوبت دوم دانشگاه برتر (برآورد محافظه‌کارانه)
76,34822,حقوق,دانشگاه شیراز,شیراز,با آزمون,—,40,16٪,زیر ۲۰٪ (خیلی کم),B5,فاقد خوابگاه,پردیس خودگردان
77,36287,حسابداری,دانشگاه ملی مهارت – آموزشکده دختران شیراز,شیراز,با آزمون,نوبت دوم (شبانه – شهریه),3,2٪,زیر ۲۰٪ (خیلی کم),B5,,نوبت دوم دانشگاه برتر (برآورد محافظه‌کارانه)
78,37530,مدیریت مالی,مؤسسه غیرانتفاعی ارشاد – تهران,تهران,با آزمون,غیرانتفاعی (شهریه‌پرداز),36,95٪,بیش از ۹۰٪ (نزدیک به مطمئن),B6,,غیرانتفاعی ارشاد (۱۴۰۴)
79,37528,مدیریت بازرگانی,مؤسسه غیرانتفاعی ارشاد – تهران,تهران,با آزمون,غیرانتفاعی (شهریه‌پرداز),36,95٪,بیش از ۹۰٪ (نزدیک به مطمئن),B6,,غیرانتفاعی ارشاد (۱۴۰۴)
80,37524,مدیریت صنعتی,مؤسسه غیرانتفاعی آل طه – تهران (ویژه خواهران),تهران,با آزمون,غیرانتفاعی (شهریه‌پرداز),30,95٪,بیش از ۹۰٪ (نزدیک به مطمئن),B6,,غیرانتفاعی آل طه (۱۴۰۴)
81,37526,مدیریت صنعتی,مؤسسه غیرانتفاعی ابرار – تهران (ویژه خواهران),تهران,با آزمون,غیرانتفاعی (شهریه‌پرداز),18,95٪,بیش از ۹۰٪ (نزدیک به مطمئن),B6,,غیرانتفاعی ابرار (۱۴۰۴)
82,37529,مدیریت صنعتی,مؤسسه غیرانتفاعی ارشاد – تهران,تهران,با آزمون,غیرانتفاعی (شهریه‌پرداز),31,95٪,بیش از ۹۰٪ (نزدیک به مطمئن),B6,,غیرانتفاعی ارشاد (۱۴۰۴)
83,37509,مدیریت مالی,مؤسسه غیرانتفاعی خاتم,تهران,با آزمون,غیرانتفاعی (شهریه‌پرداز),36,80٪,۷۰–۹۰٪ (بالا),B6,فاقد خوابگاه,غیرانتفاعی خاتم (۱۴۰۴)
84,37517,مدیریت مالی,مؤسسه غیرانتفاعی علم و فرهنگ,تهران,با آزمون,غیرانتفاعی (شهریه‌پرداز),36,67٪,۴۵–۷۰٪ (متوسط),B6,,غیرانتفاعی علم و فرهنگ (۱۴۰۴)
85,37514,مدیریت بازرگانی,مؤسسه غیرانتفاعی علم و فرهنگ,تهران,با آزمون,غیرانتفاعی (شهریه‌پرداز),36,67٪,۴۵–۷۰٪ (متوسط),B6,,غیرانتفاعی علم و فرهنگ (۱۴۰۴)
86,37411,حقوق,مؤسسه غیرانتفاعی ابرار – تهران (ویژه خواهران),تهران,با آزمون,غیرانتفاعی (شهریه‌پرداز),60,95٪,بیش از ۹۰٪ (نزدیک به مطمئن),B6,,غیرانتفاعی ابرار (۱۴۰۴)
87,37412,حقوق,مؤسسه غیرانتفاعی ارشاد – تهران,تهران,با آزمون,غیرانتفاعی (شهریه‌پرداز),60,95٪,بیش از ۹۰٪ (نزدیک به مطمئن),B6,,غیرانتفاعی ارشاد (۱۴۰۴)
88,37402,حقوق,مؤسسه غیرانتفاعی خاتم,تهران,با آزمون,غیرانتفاعی (شهریه‌پرداز),60,80٪,۷۰–۹۰٪ (بالا),B6,فاقد خوابگاه,غیرانتفاعی خاتم (۱۴۰۴)
89,37403,حقوق,مؤسسه غیرانتفاعی علم و فرهنگ,تهران,با آزمون,غیرانتفاعی (شهریه‌پرداز),60,35٪,۲۰–۴۵٪ (کم),B6,,غیرانتفاعی علم و فرهنگ (۱۴۰۴)
90,37401,حقوق,مؤسسه غیرانتفاعی بین المللی اهل بیت علیهم السلام تهران,تهران,با آزمون,غیرانتفاعی (شهریه‌پرداز),5,16٪,زیر ۲۰٪ (خیلی کم),B6,,غیرانتفاعی اهل بیت (۱۴۰۴)
91,37410,مشاوره,مؤسسه غیرانتفاعی آل طه – تهران (ویژه خواهران),تهران,با آزمون,غیرانتفاعی (شهریه‌پرداز),50,95٪,بیش از ۹۰٪ (نزدیک به مطمئن),B6,,غیرانتفاعی آل طه (۱۴۰۴)
92,37523,روان‌شناسی,مؤسسه غیرانتفاعی آل طه – تهران (ویژه خواهران),تهران,با آزمون,غیرانتفاعی (شهریه‌پرداز),36,95٪,بیش از ۹۰٪ (نزدیک به مطمئن),B6,,غیرانتفاعی آل طه (۱۴۰۴)
93,37508,روان‌شناسی,مؤسسه غیرانتفاعی خاتم,تهران,با آزمون,غیرانتفاعی (شهریه‌پرداز),36,39٪,۲۰–۴۵٪ (کم),B6,فاقد خوابگاه,غیرانتفاعی خاتم (۱۴۰۴)
94,37512,روان‌شناسی,مؤسسه غیرانتفاعی علم و فرهنگ,تهران,با آزمون,غیرانتفاعی (شهریه‌پرداز),36,29٪,۲۰–۴۵٪ (کم),B6,,غیرانتفاعی علم و فرهنگ (۱۴۰۴)
95,37522,حسابداری,مؤسسه غیرانتفاعی آل طه – تهران (ویژه خواهران),تهران,با آزمون,غیرانتفاعی (شهریه‌پرداز),36,95٪,بیش از ۹۰٪ (نزدیک به مطمئن),B6,,غیرانتفاعی آل طه (۱۴۰۴)
96,37525,حسابداری,مؤسسه غیرانتفاعی ابرار – تهران (ویژه خواهران),تهران,با آزمون,غیرانتفاعی (شهریه‌پرداز),36,95٪,بیش از ۹۰٪ (نزدیک به مطمئن),B6,,غیرانتفاعی ابرار (۱۴۰۴)
97,37527,حسابداری,مؤسسه غیرانتفاعی ارشاد – تهران,تهران,با آزمون,غیرانتفاعی (شهریه‌پرداز),36,95٪,بیش از ۹۰٪ (نزدیک به مطمئن),B6,,غیرانتفاعی ارشاد (۱۴۰۴)
98,37507,حسابداری,مؤسسه غیرانتفاعی خاتم,تهران,با آزمون,غیرانتفاعی (شهریه‌پرداز),36,88٪,۷۰–۹۰٪ (بالا),B6,فاقد خوابگاه,غیرانتفاعی خاتم (۱۴۰۴)
99,37510,اقتصاد,مؤسسه غیرانتفاعی علم و فرهنگ,تهران,با آزمون,غیرانتفاعی (شهریه‌پرداز),18,35٪,۲۰–۴۵٪ (کم),B6,,غیرانتفاعی علم و فرهنگ (۱۴۰۴)
100,37503,مدیریت بازرگانی,مؤسسه غیرانتفاعی رسام – کرج (ویژه خواهران),کرج,با آزمون,غیرانتفاعی (شهریه‌پرداز),36,95٪,بیش از ۹۰٪ (نزدیک به مطمئن),B7,,غیرانتفاعی رسام (۱۴۰۴)
101,37504,مدیریت مالی,مؤسسه غیرانتفاعی رسام – کرج (ویژه خواهران),کرج,با آزمون,غیرانتفاعی (شهریه‌پرداز),36,95٪,بیش از ۹۰٪ (نزدیک به مطمئن),B7,,غیرانتفاعی رسام (۱۴۰۴)
102,37414,حقوق,مؤسسه غیرانتفاعی مفید,قم,با آزمون,غیرانتفاعی (شهریه‌پرداز),40,88٪,۷۰–۹۰٪ (بالا),B7,دارای خوابگاه ملکی,غیرانتفاعی با آزمون (برآورد)
103,37502,روان‌شناسی,مؤسسه غیرانتفاعی رسام – کرج (ویژه خواهران),کرج,با آزمون,غیرانتفاعی (شهریه‌پرداز),36,95٪,بیش از ۹۰٪ (نزدیک به مطمئن),B7,,غیرانتفاعی رسام (۱۴۰۴)
104,37537,روان‌شناسی,مؤسسه غیرانتفاعی حکمت رضوی,مشهد,با آزمون,غیرانتفاعی (شهریه‌پرداز),36,35٪,۲۰–۴۵٪ (کم),B7,,غیرانتفاعی حکمت رضوی (۱۴۰۴)
105,37501,حسابداری,مؤسسه غیرانتفاعی رسام – کرج (ویژه خواهران),کرج,با آزمون,غیرانتفاعی (شهریه‌پرداز),36,95٪,بیش از ۹۰٪ (نزدیک به مطمئن),B7,,غیرانتفاعی رسام (۱۴۰۴)
106,37628,مدیریت بازرگانی,دانشگاه پیام‌نور – تهران غرب,تهران,با آزمون,پیام‌نور (شهریه‌پرداز),30,95٪,بیش از ۹۰٪ (نزدیک به مطمئن),B8,,پیام نور (سوابق‌محور/بومی)
107,37629,مدیریت دولتی,دانشگاه پیام‌نور – تهران غرب,تهران,با آزمون,پیام‌نور (شهریه‌پرداز),30,95٪,بیش از ۹۰٪ (نزدیک به مطمئن),B8,,پیام نور (سوابق‌محور/بومی)
108,37630,مدیریت صنعتی,دانشگاه پیام‌نور – تهران غرب,تهران,با آزمون,پیام‌نور (شهریه‌پرداز),30,95٪,بیش از ۹۰٪ (نزدیک به مطمئن),B8,,پیام نور (سوابق‌محور/بومی)
109,37623,مدیریت مالی,دانشگاه پیام‌نور – تبریز,تبریز,با آزمون,پیام‌نور (شهریه‌پرداز),24,95٪,بیش از ۹۰٪ (نزدیک به مطمئن),B8,,پیام نور (سوابق‌محور/بومی)
110,37611,حقوق,دانشگاه پیام‌نور – تبریز,تبریز,با آزمون,پیام‌نور (شهریه‌پرداز),50,95٪,بیش از ۹۰٪ (نزدیک به مطمئن),B8,,پیام نور (سوابق‌محور/بومی)
111,37614,حقوق,دانشگاه پیام‌نور – تهران جنوب,تهران,با آزمون,پیام‌نور (شهریه‌پرداز),50,95٪,بیش از ۹۰٪ (نزدیک به مطمئن),B8,,پیام نور (سوابق‌محور/بومی)
112,37626,روان‌شناسی,دانشگاه پیام‌نور – تهران جنوب,تهران,با آزمون,پیام‌نور (شهریه‌پرداز),36,95٪,بیش از ۹۰٪ (نزدیک به مطمئن),B8,,پیام نور (سوابق‌محور/بومی)
113,37622,روان‌شناسی,دانشگاه پیام‌نور – تبریز,تبریز,با آزمون,پیام‌نور (شهریه‌پرداز),30,95٪,بیش از ۹۰٪ (نزدیک به مطمئن),B8,,پیام نور (سوابق‌محور/بومی)
114,37632,روان‌شناسی,دانشگاه پیام‌نور – ری,تهران,با آزمون,پیام‌نور (شهریه‌پرداز),30,95٪,بیش از ۹۰٪ (نزدیک به مطمئن),B8,,پیام نور (سوابق‌محور/بومی)
115,37621,حسابداری,دانشگاه پیام‌نور – تبریز,تبریز,با آزمون,پیام‌نور (شهریه‌پرداز),30,95٪,بیش از ۹۰٪ (نزدیک به مطمئن),B8,,پیام نور (سوابق‌محور/بومی)
116,37627,حسابداری,دانشگاه پیام‌نور – تهران غرب,تهران,با آزمون,پیام‌نور (شهریه‌پرداز),30,95٪,بیش از ۹۰٪ (نزدیک به مطمئن),B8,,پیام نور (سوابق‌محور/بومی)
117,37631,حسابداری,دانشگاه پیام‌نور – ری,تهران,با آزمون,پیام‌نور (شهریه‌پرداز),30,95٪,بیش از ۹۰٪ (نزدیک به مطمئن),B8,,پیام نور (سوابق‌محور/بومی)
118,37612,حقوق,دانشگاه پیام‌نور – ارومیه,ارومیه,با آزمون,پیام‌نور (شهریه‌پرداز),50,95٪,بیش از ۹۰٪ (نزدیک به مطمئن),B8,,پیام نور
119,37613,حقوق,دانشگاه پیام‌نور – اردبیل,اردبیل,با آزمون,پیام‌نور (شهریه‌پرداز),50,95٪,بیش از ۹۰٪ (نزدیک به مطمئن),B8,,پیام نور
120,37633,روان‌شناسی,دانشگاه پیام‌نور – مشهد,خراسان رضوی,با آزمون,پیام‌نور (شهریه‌پرداز),36,95٪,بیش از ۹۰٪ (نزدیک به مطمئن),B8,,پیام نور (سوابق‌محور/بومی)
121,37624,روان‌شناسی,دانشگاه پیام‌نور – ارومیه,ارومیه,با آزمون,پیام‌نور (شهریه‌پرداز),30,95٪,بیش از ۹۰٪ (نزدیک به مطمئن),B8,,پیام نور
122,36251,مدیریت بازرگانی,دانشگاه ولایت (ایرانشهر),ایرانشهر,با آزمون,روزانه (دولتی),18,95٪,بیش از ۹۰٪ (نزدیک به مطمئن),B9,دارای خوابگاه ملکی,ولایت – مدیریت (۱۴۰۴)
123,36252,مدیریت دولتی,دانشگاه ولایت (ایرانشهر),ایرانشهر,با آزمون,روزانه (دولتی),20,95٪,بیش از ۹۰٪ (نزدیک به مطمئن),B9,دارای خوابگاه ملکی,ولایت – مدیریت (۱۴۰۴)
124,36406,مدیریت مالی,دانشگاه گنبد – دانشکده علوم انسانی آزادشهر (ویژه دختران),گنبدکاووس,با آزمون,روزانه (دولتی),10,95٪,بیش از ۹۰٪ (نزدیک به مطمئن),B9,محدودیت در ارائه خوابگاه,گنبد – مدیریت (۱۴۰۴)
125,36226,مدیریت صنعتی,دانشگاه صنعتی شاهرود,شاهرود,با آزمون,روزانه (دولتی),27,61٪,۴۵–۷۰٪ (متوسط),B9,خوابگاه حداکثر8 نیمسال,صنعتی شاهرود – مدیریت (۱۴۰۴)
126,36227,مدیریت مالی,دانشگاه صنعتی شاهرود,شاهرود,با آزمون,روزانه (دولتی),27,61٪,۴۵–۷۰٪ (متوسط),B9,خوابگاه حداکثر8 نیمسال,صنعتی شاهرود – مدیریت (۱۴۰۴)
127,36341,مدیریت بازرگانی,دانشگاه کردستان,سنندج,با آزمون,روزانه (دولتی),18,51٪,۴۵–۷۰٪ (متوسط),B9,,کردستان – مدیریت (۱۴۰۴)
128,34932,حقوق,دانشگاه گنبد – دانشکده علوم انسانی آزادشهر (ویژه دختران),گنبدکاووس,با آزمون,روزانه (دولتی),30,80٪,۷۰–۹۰٪ (بالا),B9,دارای خوابگاه ملکی,گنبد – حقوق (۱۴۰۴)
129,34934,فقه و حقوق اسلامی,دانشگاه گنبد – دانشکده علوم انسانی آزادشهر (ویژه دختران),گنبدکاووس,با آزمون,روزانه (دولتی),25,80٪,۷۰–۹۰٪ (بالا),B9,دارای خوابگاه ملکی,گنبد – حقوق (۱۴۰۴)
130,34802,فقه و مبانی حقوق اسلامی,دانشگاه ولایت (ایرانشهر),ایرانشهر,با آزمون,روزانه (دولتی),15,74٪,۷۰–۹۰٪ (بالا),B9,دارای خوابگاه ملکی,ولایت – حقوق (۱۴۰۴)
131,34783,حقوق,دانشگاه زابل,زابل,با آزمون,روزانه (دولتی),40,59٪,۴۵–۷۰٪ (متوسط),B9,,زابل – حقوق (۱۴۰۴)
132,34786,فقه و حقوق اسلامی,دانشگاه زابل,زابل,با آزمون,روزانه (دولتی),35,59٪,۴۵–۷۰٪ (متوسط),B9,,زابل – حقوق (۱۴۰۴)
133,36403,روان‌شناسی,دانشگاه گنبد – دانشکده علوم انسانی آزادشهر (ویژه دختران),گنبدکاووس,با آزمون,روزانه (دولتی),18,80٪,۷۰–۹۰٪ (بالا),B9,دارای خوابگاه ملکی,گنبد – روانشناسی/مشاوره (۱۴۰۴)
134,36401,اقتصاد,دانشگاه گنبد – دانشکده علوم انسانی آزادشهر (ویژه دختران),گنبدکاووس,با آزمون,روزانه (دولتی),6,94٪,بیش از ۹۰٪ (نزدیک به مطمئن),B9,دارای خوابگاه ملکی,گنبد – مالی/حسابداری/اقتصاد (۱۴۰۴)
135,36402,حسابداری,دانشگاه گنبد – دانشکده علوم انسانی آزادشهر (ویژه دختران),گنبدکاووس,با آزمون,روزانه (دولتی),17,94٪,بیش از ۹۰٪ (نزدیک به مطمئن),B9,دارای خوابگاه ملکی,گنبد – مالی/حسابداری/اقتصاد (۱۴۰۴)
136,36413,حسابداری,دانشگاه ملی مهارت – آموزشکده دختران گنبد,گنبدکاووس,با آزمون,روزانه (دولتی),15,94٪,بیش از ۹۰٪ (نزدیک به مطمئن),B9,,گنبد – مالی/حسابداری/اقتصاد (۱۴۰۴)
137,36414,حسابداری,دانشگاه ملی مهارت – آموزشکده دختران گنبد,گنبدکاووس,با آزمون,روزانه (دولتی),12,94٪,بیش از ۹۰٪ (نزدیک به مطمئن),B9,,گنبد – مالی/حسابداری/اقتصاد (۱۴۰۴)
138,36241,حسابداری,دانشگاه سراوان,سراوان,با آزمون,روزانه (دولتی),16,80٪,۷۰–۹۰٪ (بالا),B9,,سراوان – مالی/حسابداری/اقتصاد (۱۴۰۴)
139,12433,مدیریت بازرگانی,مؤسسه غیرانتفاعی مجازی ایرانیان,تهران,صرفاً با سوابق تحصیلی,غیرانتفاعی (شهریه‌پرداز),80,95٪,بیش از ۹۰٪ (نزدیک به مطمئن),B10,پذیرش صرفاً با سوابق تحصیلی (بدون آزمون) – در همان فرم ۱۵۰تایی قابل درج | پذیرش صرفاً با سوابق تحصیلی (بدون آزمون) – در همان فرم ۱۵۰تایی قابل درج است,غیرانتفاعی سوابق‌محور
140,12434,مدیریت مالی,مؤسسه غیرانتفاعی مجازی ایرانیان,تهران,صرفاً با سوابق تحصیلی,غیرانتفاعی (شهریه‌پرداز),80,95٪,بیش از ۹۰٪ (نزدیک به مطمئن),B10,پذیرش صرفاً با سوابق تحصیلی (بدون آزمون) – در همان فرم ۱۵۰تایی قابل درج | پذیرش صرفاً با سوابق تحصیلی (بدون آزمون) – در همان فرم ۱۵۰تایی قابل درج است,غیرانتفاعی سوابق‌محور
141,12498,مدیریت بازرگانی,مؤسسه غیرانتفاعی آل طه – تهران (ویژه خواهران),تهران,صرفاً با سوابق تحصیلی,غیرانتفاعی (شهریه‌پرداز),60,95٪,بیش از ۹۰٪ (نزدیک به مطمئن),B10,پذیرش صرفاً با سوابق تحصیلی (بدون آزمون) – در همان فرم ۱۵۰تایی قابل درج | پذیرش صرفاً با سوابق تحصیلی (بدون آزمون) – در همان فرم ۱۵۰تایی قابل درج است,غیرانتفاعی آل طه (۱۴۰۴)
142,12504,مدیریت دولتی,مؤسسه غیرانتفاعی ارشاد – تهران,تهران,صرفاً با سوابق تحصیلی,غیرانتفاعی (شهریه‌پرداز),60,95٪,بیش از ۹۰٪ (نزدیک به مطمئن),B10,پذیرش صرفاً با سوابق تحصیلی (بدون آزمون) – در همان فرم ۱۵۰تایی قابل درج | پذیرش صرفاً با سوابق تحصیلی (بدون آزمون) – در همان فرم ۱۵۰تایی قابل درج است,غیرانتفاعی ارشاد (۱۴۰۴)
143,12423,مدیریت بازرگانی,مؤسسه غیرانتفاعی الکترونیکی مهر البرز,تهران,صرفاً با سوابق تحصیلی,غیرانتفاعی (شهریه‌پرداز),50,95٪,بیش از ۹۰٪ (نزدیک به مطمئن),B10,پذیرش صرفاً با سوابق تحصیلی (بدون آزمون) – در همان فرم ۱۵۰تایی قابل درج | پذیرش صرفاً با سوابق تحصیلی (بدون آزمون) – در همان فرم ۱۵۰تایی قابل درج است,غیرانتفاعی سوابق‌محور
144,12436,مدیریت بازرگانی,مؤسسه غیرانتفاعی مجازی رایانه ای جهان نما,تهران,صرفاً با سوابق تحصیلی,غیرانتفاعی (شهریه‌پرداز),50,95٪,بیش از ۹۰٪ (نزدیک به مطمئن),B10,پذیرش صرفاً با سوابق تحصیلی (بدون آزمون) – در همان فرم ۱۵۰تایی قابل درج | پذیرش صرفاً با سوابق تحصیلی (بدون آزمون) – در همان فرم ۱۵۰تایی قابل درج است,غیرانتفاعی سوابق‌محور
145,12437,مدیریت مالی,مؤسسه غیرانتفاعی مجازی رایانه ای جهان نما,تهران,صرفاً با سوابق تحصیلی,غیرانتفاعی (شهریه‌پرداز),50,95٪,بیش از ۹۰٪ (نزدیک به مطمئن),B10,پذیرش صرفاً با سوابق تحصیلی (بدون آزمون) – در همان فرم ۱۵۰تایی قابل درج | پذیرش صرفاً با سوابق تحصیلی (بدون آزمون) – در همان فرم ۱۵۰تایی قابل درج است,غیرانتفاعی سوابق‌محور
146,12443,مدیریت بازرگانی,مؤسسه غیرانتفاعی مجازی فاران مهر دانش,تهران,صرفاً با سوابق تحصیلی,غیرانتفاعی (شهریه‌پرداز),50,95٪,بیش از ۹۰٪ (نزدیک به مطمئن),B10,دوره مجازی- فاقد خوابگاه | پذیرش صرفاً با سوابق تحصیلی (بدون آزمون) – در همان فرم ۱۵۰تایی قابل درج | پذیرش صرفاً با سوابق تحصیلی (بدون آزمون) – در همان فرم ۱۵۰تایی قابل درج است,غیرانتفاعی سوابق‌محور
147,12445,مدیریت مالی,مؤسسه غیرانتفاعی مجازی فاران مهر دانش,تهران,صرفاً با سوابق تحصیلی,غیرانتفاعی (شهریه‌پرداز),50,95٪,بیش از ۹۰٪ (نزدیک به مطمئن),B10,دوره مجازی- فاقد خوابگاه | پذیرش صرفاً با سوابق تحصیلی (بدون آزمون) – در همان فرم ۱۵۰تایی قابل درج | پذیرش صرفاً با سوابق تحصیلی (بدون آزمون) – در همان فرم ۱۵۰تایی قابل درج است,غیرانتفاعی سوابق‌محور
148,12107,مدیریت بازرگانی,دانشگاه پیام‌نور – پاکدشت,تهران,صرفاً با سوابق تحصیلی,پیام‌نور (شهریه‌پرداز),50,95٪,بیش از ۹۰٪ (نزدیک به مطمئن),B10,پذیرش صرفاً با سوابق تحصیلی (بدون آزمون) – در همان فرم ۱۵۰تایی قابل درج | پذیرش صرفاً با سوابق تحصیلی (بدون آزمون) – در همان فرم ۱۵۰تایی قابل درج است,پیام نور (سوابق‌محور/بومی)
149,12108,مدیریت دولتی,دانشگاه پیام‌نور – پاکدشت,تهران,صرفاً با سوابق تحصیلی,پیام‌نور (شهریه‌پرداز),50,95٪,بیش از ۹۰٪ (نزدیک به مطمئن),B10,پذیرش صرفاً با سوابق تحصیلی (بدون آزمون) – در همان فرم ۱۵۰تایی قابل درج | پذیرش صرفاً با سوابق تحصیلی (بدون آزمون) – در همان فرم ۱۵۰تایی قابل درج است,پیام نور (سوابق‌محور/بومی)
150,12128,مدیریت بازرگانی,دانشگاه پیام‌نور – پرند,تهران,صرفاً با سوابق تحصیلی,پیام‌نور (شهریه‌پرداز),50,95٪,بیش از ۹۰٪ (نزدیک به مطمئن),B10,پذیرش صرفاً با سوابق تحصیلی (بدون آزمون) – در همان فرم ۱۵۰تایی قابل درج | پذیرش صرفاً با سوابق تحصیلی (بدون آزمون) – در همان فرم ۱۵۰تایی قابل درج است,پیام نور (سوابق‌محور/بومی)
