code,title,cap,gender,mahal,campus,scope,page
49010,آموزش ابتدايي,2,زن,مخصوص متقاضيان بومی استان البرز کرج .ناحيه1,اميرکبير کرج,پذيرش با متقاضيان بومي شهرستان ،هاي چهارباغ فرديس، کرج,184
49011,آموزش ابتدايي,3,زن,کرج .ناحيه2,اميرکبير کرج,پذيرش با متقاضيان بومي شهرستان ،هاي چهارباغ فرديس، کرج,184
49012,آموزش ابتدايي,3,زن,کرج .ناحيه3 ,اميرکبير کرج اولويت پذيرش با متقاضيان بومي شهرستان ،هاي چهارباغ فرديس، کرج,,184
49013,آموزش ابتدايي,4,زن,کرج .ناحيه4,اميرکبير کرج,پذيرش با متقاضيان بومي شهرستان ،هاي چهارباغ فرديس، کرج,184
49014,آموزش ابتدايي,2,زن,چهارباغ,اميرکبير کرج,پذيرش با متقاضيان بومي شهرستان ،هاي چهارباغ فرديس، کرج,184
49015,آموزش ابتدايي,2,زن,ساوجبالغ,اميرکبير کرج,پذيرش با متقاضيان بومي شهرستان ،هاي ساوجبالغ نظرآباد,184
49016,آموزش ابتدايي,1,زن,نظرآباد,اميرکبير کرج,پذيرش با متقاضيان بومي شهرستان هاي ،ساوجبالغ نظرآباد,184
49017,آموزش ابتدايي,2,مرد,کرج .ناحيه1,حکيم ابوالقاسم فردوسي کرج,پذيرش با متقاضيان بومي شهرستان هاي چهارباغ، فرديس، کرج,184
49018,آموزش ابتدايي,2,مرد,کرج .ناحيه2,حکيم ابوالقاسم فردوسي کرج,پذيرش با متقاضيان بومي شهرستان هاي چهارباغ، فرديس، کرج,184
49019,آموزش ابتدايي,3,مرد,کرج .ناحيه3,حکيم ابوالقاسم فردوسي کرج,پذيرش با متقاضيان بومي شهرستان هاي چهارباغ، فرديس، کرج,184
49020,آموزش ابتدايي,4,مرد,کرج .ناحيه4,حکيم ابوالقاسم فردوسي کرج,پذيرش با متقاضيان بومي شهرستان هاي چهارباغ، فرديس، کرج,184
49021,آموزش ابتدايي,1,مرد,چهارباغ,حکيم ابوالقاسم فردوسي کرج,پذيرش با متقاضيان بومي شهرستان هاي چهارباغ، فرديس، کرج,184
49023,آموزش ابتدايي,1,مرد,نظرآباد,حکيم ابوالقاسم فردوسي کرج,پذيرش با متقاضيان بومي شهرستان هاي ساوجبالغ، نظرآباد,185
49024,آموزش الهيات,2,زن,کرج .ناحيه1,اميرکبير کرج,پذيرش با متقاضيان بومي شهرستان ،هاي چهارباغ فرديس، کرج,185
49025,آموزش الهيات,4,زن,کرج .ناحيه2,اميرکبير کرج,پذيرش با متقاضيان بومي شهرستان ،هاي چهارباغ فرديس، کرج,185
49026,آموزش الهيات,2,زن,کرج .ناحيه3,اميرکبير کرج,پذيرش با متقاضيان بومي شهرستان ،هاي چهارباغ فرديس، کرج,185
49027,آموزش الهيات,1,زن,کرج .ناحيه4,اميرکبير کرج,پذيرش با متقاضيان بومي شهرستان ،هاي چهارباغ فرديس، کرج,185
49028,آموزش الهيات,1,زن,چهارباغ,اميرکبير کرج,پذيرش با متقاضيان بومي شهرستان ،هاي چهارباغ فرديس، کرج,185
49029,آموزش الهيات,1,زن,ساوجبالغ,اميرکبير کرج,پذيرش با متقاضيان بومي شهرستان ،هاي ساوجبالغ نظرآباد,185
49030,آموزش الهيات,1,مرد,طالقان,حکيم ابوالقاسم فردوسي کرج,پذيرش با متقاضيان بومي شهرستان هاي اشتهارد، طالقان,185
49031,آموزش الهيات,2,مرد,کرج .ناحيه1,حکيم ابوالقاسم فردوسي کرج,پذيرش با متقاضيان بومي شهرستان هاي ،چهارباغ فرديس، کرج,185
49032,آموزش الهيات,4,مرد,کرج .ناحيه2,حکيم ابوالقاسم فردوسي کرج,پذيرش با متقاضيان بومي شهرستان هاي چهارباغ، فرديس، کرج,185
49033,آموزش الهيات,4,مرد,کرج .ناحيه3,حکيم ابوالقاسم فردوسي کرج,پذيرش با متقاضيان بومي شهرستان هاي چهارباغ، فرديس، کرج,185
49034,آموزش الهيات,4,مرد,کرج .ناحيه4,حکيم ابوالقاسم فردوسي کرج,پذيرش با متقاضيان بومي شهرستان هاي چهارباغ، فرديس، کرج,185
49035,آموزش الهيات,1,مرد,چهارباغ,حکيم ابوالقاسم فردوسي کرج,پذيرش با متقاضيان بومي شهرستان هاي چهارباغ، فرديس، کرج,185
49036,آموزش الهيات,1,مرد,ساوجبالغ,حکيم ابوالقاسم فردوسي کرج,پذيرش با متقاضيان بومي شهرستان هاي ساوجبالغ، نظرآباد,185
49037,آموزش الهيات,1,مرد,نظرآباد,حکيم ابوالقاسم فردوسي کرج,پذيرش با متقاضيان بومي شهرستان هاي ساوجبالغ، نظرآباد,185
49038,آموزش تاريخ,1,مرد,کرج .ناحيه1,حکيم ابوالقاسم فردوسي کرج,پذيرش با متقاضيان بومي شهرستان هاي چهارباغ، فرديس، کرج,185
49039,آموزش تاريخ,1,مرد,کرج .ناحيه2,حکيم ابوالقاسم فردوسي کرج,پذيرش با متقاضيان بومي شهرستان هاي چهارباغ، فرديس، کرج,185
49040,آموزش تاريخ,1,مرد,کرج .ناحيه3,حکيم ابوالقاسم فردوسي کرج,پذيرش با متقاضيان بومي شهرستان هاي چهارباغ، فرديس، کرج,185
49041,آموزش تاريخ,1,مرد,کرج .ناحيه4,حکيم ابوالقاسم فردوسي کرج,پذيرش با متقاضيان بومي شهرستان هاي چهارباغ، فرديس، کرج,185
49042,آموزش تاريخ,1,مرد,ساوجبالغ,حکيم ابوالقاسم فردوسي کرج,پذيرش با متقاضيان بومي شهرستان هاي ساوجبالغ، نظرآباد,185
49043,آموزش تربيت بدني,1,زن,کرج .ناحيه2 ,اميرکبير کرج اولويت پذيرش با متقاضيان بومي شهرستان ،هاي چهارباغ فرديس، کرج,,185
49044,آموزش تربيت بدني,1,زن,کرج .ناحيه3,اميرکبير کرج,پذيرش با متقاضيان بومي شهرستان ،هاي چهارباغ فرديس، کرج,185
49045,آموزش تربيت بدني,1,زن,کرج .ناحيه4,اميرکبير کرج,پذيرش با متقاضيان بومي شهرستان ،هاي چهارباغ فرديس، کرج,185
49046,آموزش تربيت بدني,1,مرد,کرج .ناحيه3,حکيم ابوالقاسم فردوسي کرج,پذيرش با متقاضيان بومي شهرستان هاي چهارباغ، فرديس، کرج,185
49047,آموزش تربيت بدني,1,مرد,کرج .ناحيه4,حکيم ابوالقاسم فردوسي کرج,پذيرش با متقاضيان بومي شهرستان هاي چهارباغ، فرديس، کرج,185
49049,آموزش جغرافيا,1,زن,ساوجبالغ,اميرکبير کرج,پذيرش با متقاضيان بومي شهرستان ،هاي ساوجبالغ نظرآباد,186
49050,آموزش جغرافيا,1,مرد,کرج .ناحيه1,حکيم ابوالقاسم فردوسي کرج,پذيرش با متقاضيان بومي شهرستان هاي چهارباغ، فرديس، کرج,186
49051,آموزش جغرافيا,1,مرد,کرج .ناحيه2,حکيم ابوالقاسم فردوسي کرج,پذيرش با متقاضيان بومي شهرستان هاي چهارباغ، فرديس، کرج,186
49052,آموزش جغرافيا,1,مرد,کرج .ناحيه3,حکيم ابوالقاسم فردوسي کرج,پذيرش با متقاضيان بومي شهرستان هاي چهارباغ، فرديس، کرج,186
49053,آموزش جغرافيا,1,مرد,کرج .ناحيه4,حکيم ابوالقاسم فردوسي کرج,پذيرش با متقاضيان بومي شهرستان هاي چهارباغ، فرديس، کرج,186
49054,آموزش جغرافيا,1,مرد,ساوجبالغ,حکيم ابوالقاسم فردوسي کرج,پذيرش با متقاضيان بومي شهرستان هاي ساوجبالغ، نظرآباد,186
49063,آموزش زبان عربي,1,زن,کرج .ناحيه1,زينبيه پيشوا (ورامين),پذيرش با متقاضيان بومي شهرستان،هاي چهارباغ فرديس، کرج زن 1 آموزش دانش آموزان با نيازهاي ويژه کرج .ناحيه2پرديس زينبيه پيشوا (ورامين)/ اولويت پذيرش با متقاضيان بومي شهرستان،هاي چهارباغ فرديس، کرج زن 1 آموزش دانش آموزان با نيازهاي ويژه کرج .ناحيه3پرديس زينبيه پيشوا (ورامين)/ اولويت پذيرش با متقاضيان بومي شهرستان هاي ،چهارباغ فرديس، کرج زن 1 آموزش دانش آموزان با نيازهاي ويژه کرج .ناحيه4پرديس زينبيه پيشوا (ورامين)/ اولويت پذيرش با متقاضيان بومي شهرستان،هاي چهارباغ فرديس، کرج زن 1 آموزش دانش آموزان با نيازهاي ويژه ساوجبالغ /)پرديس زينبيه پيشوا (ورامين اولويت پذيرش با متقاضيان بومي شهرستان هاي ساوجبالغ، نظرآباد زن 1 آموزش دانش آموزان با نيازهاي ويژه کرج .ناحيه2 پرديس شهيد چمران تهران (ساختمان ورامين)/ اولويت پذيرش با متقاضيان بومي شهرستان هاي چهارباغ، فرديس، کرج مرد 1 آموزش دانش آموزان با نيازهاي ويژه کرج .ناحيه3 پرديس شهيد چمران تهران (ساختمان ورامين)/ اولويت پذيرش با متقاضيان بومي شهرستان هاي چهارباغ، فرديس، کرج مرد 1 آموزش دانش آموزان با نيازهاي ويژه کرج .ناحيه4 پرديس شهيد چمران تهران (ساختمان ورامين)/ اولويت پذيرش با متقاضيان بومي شهرستان هاي چهارباغ، فرديس، کرج مرد 1 آموزش دانش آموزان با نيازهاي ويژه کرج .ناحيه2پرديس حضرت معصومه (س) قم/ اولويت پذيرش با متقاضيان بومي شهرستان هاي چهارباغ، فرديس، کرج,186
49064,آموزش زبان عربي,1,زن,کرج .ناحيه3 ,حضرت معصومه (س) قم اولويت پذيرش با متقاضيان بومي شهرستان هاي چهارباغ، فرديس، کرج,,186
49065,آموزش زبان عربي,1,زن,کرج .ناحيه4,حضرت معصومه (س) قم,پذيرش با متقاضيان بومي شهرستان هاي چهارباغ، فرديس، کرج,186
49066,آموزش زبان عربي,1,زن,چهارباغ ,حضرت معصومه (س) قم اولويت پذيرش با متقاضيان بومي شهرستان هاي چهارباغ، فرديس، کرج,,186
49067,آموزش زبان عربي,1,زن,ساوجبالغ,حضرت معصومه (س) قم,پذيرش با متقاضيان بومي شهرستان هاي ساوجبالغ، نظرآباد,186
49068,آموزش زبان عربي,1,مرد,کرج .ناحيه1,آيت /اله طالقاني قم اولويت پذيرش با متقاضيان بومي شهرستان ،هاي چهارباغ فرديس، کرج,,186
49069,آموزش زبان عربي,4,مرد,کرج .ناحيه2,آيت اله طالقاني قم,پذيرش با متقاضيان بومي شهرستان ،هاي چهارباغ فرديس، کرج,186
49070,آموزش زبان عربي,4,مرد,کرج .ناحيه3,آيت اله طالقاني قم,پذيرش با متقاضيان بومي شهرستان ،هاي چهارباغ فرديس، کرج,186
49071,آموزش زبان عربي,4,مرد,کرج .ناحيه4,آيت اله طالقاني قم,پذيرش با متقاضيان بومي شهرستان ،هاي چهارباغ فرديس، کرج,186
49072,آموزش زبان عربي,2,مرد,چهارباغ,آيت اله طالقاني قم,پذيرش با متقاضيان بومي شهرستان ،هاي چهارباغ فرديس، کرج,186
49073,آموزش زبان عربي,1,مرد,ساوجبالغ,آيت اله طالقاني قم,پذيرش با متقاضيان بومي شهرستان ،هاي ساوجبالغ نظرآباد,186
49075,آموزش زبان و ادبيات فارسي,3,زن,کرج .ناحيه2,بنت الهدي صدر رشت,پذيرش با متقاضيان بومي شهرستان هاي چهارباغ، فرديس، کرج,187
49076,آموزش زبان و ادبيات فارسي,2,زن,کرج .ناحيه3,بنت الهدي صدر رشت,پذيرش با متقاضيان بومي شهرستان هاي چهارباغ، فرديس، کرج,187
49077,آموزش زبان و ادبيات فارسي,3,زن,کرج .ناحيه4,بنت الهدي صدر رشت,پذيرش با متقاضيان بومي شهرستان هاي چهارباغ، فرديس، کرج,187
49078,آموزش زبان و ادبيات فارسي,1,زن,چهارباغ,بنت الهدي صدر رشت,پذيرش با متقاضيان بومي شهرستان هاي چهارباغ، فرديس، کرج,187
49079,آموزش زبان و ادبيات فارسي,2,زن,ساوجبالغ,بنت الهدي صدر رشت,پذيرش با متقاضيان بومي شهرستان هاي ساوجبالغ، نظرآباد,187
49080,آموزش زبان و ادبيات فارسي,1,مرد,اشتهارد,امام علي (ع) رشت,پذيرش با متقاضيان بومي شهرستان ،هاي اشتهارد طالقان,187
49081,آموزش زبان و ادبيات فارسي,3,مرد,کرج .ناحيه1,امام علي (ع) رشت,پذيرش با متقاضيان بومي شهرستان ،هاي چهارباغ فرديس، کرج,187
49082,آموزش زبان و ادبيات فارسي,5,مرد,کرج .ناحيه2,دکتر شريعتي ساري (مرکز آموزش عالي شهيد رجايي بابل),پذيرش با متقاضيان بومي شهرستان هاي چهارباغ، فرديس، کرج,187
49083,آموزش زبان و ادبيات فارسي,5,مرد,کرج .ناحيه3,دکتر شريعتي ساري (مرکز آموزش عالي شهيد رجايي بابل),پذيرش با متقاضيان بومي شهرستان هاي چهارباغ، فرديس، کرج,187
49084,آموزش زبان و ادبيات فارسي,5,مرد,کرج .ناحيه4,دکتر شريعتي ساري (مرکز آموزش عالي شهيد رجايي بابل),پذيرش با متقاضيان بومي شهرستان هاي چهارباغ، فرديس، کرج,187
49085,آموزش زبان و ادبيات فارسي,2,مرد,چهارباغ,امام علي (ع) رشت,پذيرش با متقاضيان بومي شهرستان ،هاي چهارباغ فرديس، کرج,187
49086,آموزش زبان و ادبيات فارسي,4,مرد,ساوجبالغ,امام علي (ع) رشت,پذيرش با متقاضيان بومي شهرستان ،هاي ساوجبالغ نظرآباد,187
49087,آموزش زبان و ادبيات فارسي,1,مرد,نظرآباد,امام علي (ع) رشت,پذيرش با متقاضيان بومي شهرستان ،هاي ساوجبالغ نظرآباد,187
49088,آموزش علوم اجتماعي,1,زن,کرج .ناحيه2,اميرکبير کرج,پذيرش با متقاضيان بومي شهرستان ،هاي چهارباغ فرديس، کرج,187
49089,آموزش علوم اجتماعي,1,زن,کرج .ناحيه3,اميرکبير کرج,پذيرش با متقاضيان بومي شهرستان،هاي چهارباغ فرديس، کرج,187
49090,آموزش علوم اجتماعي,1,زن,کرج .ناحيه4,اميرکبير کرج,پذيرش با متقاضيان بومي شهرستان ،هاي چهارباغ فرديس، کرج,187
49091,آموزش علوم اجتماعي,1,زن,ساوجبالغ,اميرکبير کرج,پذيرش با متقاضيان بومي شهرستان ،هاي ساوجبالغ نظرآباد,187
49092,آموزش علوم اجتماعي,3,مرد,کرج .ناحيه1,حکيم ابوالقاسم فردوسي کرج,پذيرش با متقاضيان بومي شهرستان هاي چهارباغ، فرديس، کرج,187
49093,آموزش علوم اجتماعي,3,مرد,کرج .ناحيه2,حکيم ابوالقاسم فردوسي کرج,پذيرش با متقاضيان بومي شهرستان هاي چهارباغ، فرديس، کرج,187
49094,آموزش علوم اجتماعي,3,مرد,کرج .ناحيه3,حکيم ابوالقاسم فردوسي کرج,پذيرش با متقاضيان بومي شهرستان هاي چهارباغ، فرديس، کرج,187
49095,آموزش علوم اجتماعي,3,مرد,کرج .ناحيه4,حکيم ابوالقاسم فردوسي کرج,پذيرش با متقاضيان بومي شهرستان هاي چهارباغ، فرديس، کرج,187
49096,آموزش علوم اجتماعي,1,مرد,چهارباغ,حکيم ابوالقاسم فردوسي کرج,پذيرش با متقاضيان بومي شهرستان هاي چهارباغ، فرديس، کرج,187
49097,آموزش علوم اجتماعي,1,مرد,ساوجبالغ,حکيم ابوالقاسم فردوسي کرج,پذيرش با متقاضيان بومي شهرستان هاي ساوجبالغ، نظرآباد,187
49098,آموزش علوم اجتماعي,1,مرد,نظرآباد,حکيم ابوالقاسم فردوسي کرج,پذيرش با متقاضيان بومي شهرستان هاي ساوجبالغ، نظرآباد,187
49099,امور تربيتي,1,زن,کرج .ناحيه1,حضرت معصومه (س) قم,پذيرش با متقاضيان بومي شهرستان هاي چهارباغ، فرديس، کرج,187
49101,امور تربيتي,1,زن,کرج .ناحيه3,حضرت معصومه (س) قم,پذيرش با متقاضيان بومي شهرستان هاي چهارباغ، فرديس، کرج,188
49102,امور تربيتي,3,زن,کرج .ناحيه4,حضرت معصومه (س) قم,پذيرش با متقاضيان بومي شهرستان هاي چهارباغ، فرديس، کرج,188
49103,امور تربيتي,1,زن,چهارباغ,حضرت معصومه (س) قم,پذيرش با متقاضيان بومي شهرستان هاي چهارباغ، فرديس، کرج,188
49104,امور تربيتي,2,زن,ساوجبالغ,حضرت معصومه (س) قم,پذيرش با متقاضيان بومي شهرستان هاي ساوجبالغ، نظرآباد,188
49105,امور تربيتي,2,مرد,کرج .ناحيه1,شهيد رجايي قزوين,پذيرش با متقاضيان بومي شهرستان ،هاي چهارباغ فرديس، کرج,188
49106,امور تربيتي,2,مرد,کرج .ناحيه2,شهيد رجايي قزوين,پذيرش با متقاضيان بومي شهرستان ،هاي چهارباغ فرديس، کرج,188
49107,امور تربيتي,2,مرد,کرج .ناحيه3,شهيد رجايي قزوين,پذيرش با متقاضيان بومي شهرستان ،هاي چهارباغ فرديس، کرج,188
49108,امور تربيتي,2,مرد,کرج .ناحيه4,شهيد رجايي قزوين,پذيرش با متقاضيان بومي شهرستان ،هاي چهارباغ فرديس، کرج,188
49109,امور تربيتي,1,مرد,چهارباغ,شهيد رجايي قزوين,پذيرش با متقاضيان بومي شهرستان ،هاي چهارباغ فرديس، کرج,188
49110,امور تربيتي,1,مرد,ساوجبالغ,شهيد رجايي قزوين,پذيرش با متقاضيان بومي شهرستان هاي ،ساوجبالغ نظرآباد,188
49111,امور تربيتي,1,مرد,نظرآباد,شهيد رجايي قزوين,پذيرش با متقاضيان بومي شهرستان،هاي ساوجبالغ نظرآباد,188
49112,راهنمايي و مشاوره,1,زن,کرج .ناحيه1,بنت الهدي صدر قزوين,پذيرش با متقاضيان بومي شهرستان هاي ،چهارباغ فرديس، کرج,188
49113,راهنمايي و مشاوره,2,زن,کرج .ناحيه2,بنت الهدي صدر قزوين,پذيرش با متقاضيان بومي شهرستان هاي چهارباغ، فرديس، کرج,188
49114,راهنمايي و مشاوره,2,زن,کرج .ناحيه3,بنت الهدي صدر قزوين,پذيرش با متقاضيان بومي شهرستان هاي چهارباغ، فرديس، کرج,188
49115,راهنمايي و مشاوره,2,زن,کرج .ناحيه4,بنت الهدي صدر قزوين,پذيرش با متقاضيان بومي شهرستان هاي چهارباغ، فرديس، کرج,188
49116,راهنمايي و مشاوره,1,زن,چهارباغ,بنت الهدي صدر قزوين,پذيرش با متقاضيان بومي شهرستان هاي چهارباغ، فرديس، کرج,188
49117,راهنمايي و مشاوره,1,زن,ساوجبالغ,بنت الهدي صدر قزوين,پذيرش با متقاضيان بومي شهرستان هاي ساوجبالغ، نظرآباد,188
49118,راهنمايي و مشاوره,1,زن,نظرآباد,بنت الهدي صدر قزوين,پذيرش با متقاضيان بومي شهرستان هاي ساوجبالغ، نظرآباد,188
49119,راهنمايي و مشاوره,1,مرد,کرج .ناحيه1,امام علي (ع) رشت,پذيرش با متقاضيان بومي شهرستان ،هاي چهارباغ فرديس، کرج,188
49120,راهنمايي و مشاوره,3,مرد,کرج .ناحيه2,امام علي (ع) رشت,پذيرش با متقاضيان بومي شهرستان ،هاي چهارباغ فرديس، کرج,188
49121,راهنمايي و مشاوره,3,مرد,کرج .ناحيه3,امام علي (ع) رشت,پذيرش با متقاضيان بومي شهرستان ،هاي چهارباغ فرديس، کرج,188
49122,راهنمايي و مشاوره,2,مرد,کرج .ناحيه4,امام علي (ع) رشت,پذيرش با متقاضيان بومي شهرستان ،هاي چهارباغ فرديس، کرج,188
49123,راهنمايي و مشاوره,1,مرد,چهارباغ,امام علي (ع) رشت,پذيرش با متقاضيان بومي شهرستان ،هاي چهارباغ فرديس، کرج,188
49124,راهنمايي و مشاوره,1,مرد,ساوجبالغ,امام علي (ع) رشت,پذيرش با متقاضيان بومي شهرستان ،هاي ساوجبالغ نظرآباد,188
49125,راهنمايي و مشاوره,1,مرد,نظرآباد,امام علي (ع) رشت,پذيرش با متقاضيان بومي شهرستان ،هاي ساوجبالغ نظرآباد,188
49135,آموزش ابتدايي,1,زن,ايوان,امام جعفر صادق (ع) ايالم,پذيرش با متقاضيان بومي شهرستان ايوان,189
49146,آموزش ابتدايي,1,مرد,ايوان,شهيد مدرس ايالم,پذيرش با متقاضيان بومي شهرستان ايوان,189
49154,آموزش الهيات,1,زن,ايوان,بنت الهدي صدر سنندج,پذيرش با متقاضيان بومي شهرستان ايوان,189
49162,آموزش الهيات,1,مرد,ملکشاهي,عالمه طباطبايي خرم آباد,پذيرش با متقاضيان بومي شهرستان ملکشاهي,189
49164,آموزش الهيات,1,مرد,ايوان,عالمه طباطبايي خرم آباد,پذيرش با متقاضيان بومي شهرستان ايوان,189
49167,آموزش تاريخ,1,زن,ملکشاهي,اميرکبير کرج,پذيرش با متقاضيان بومي شهرستان ملکشاهي,189
49177,آموزش جغرافيا,1,زن,ايوان,اميرکبير کرج,پذيرش با متقاضيان بومي شهرستان ايوان,190
49190,آموزش زبان عربي,1,زن,ملکشاهي,عالمه طباطبايي اروميه,پذيرش با متقاضيان بومي شهرستان ملکشاهي,190
49200,آموزش زبان عربي,1,مرد,ملکشاهي,شهيد رجايي اروميه,پذيرش با متقاضيان بومي شهرستان ملکشاهي,190
49202,آموزش زبان عربي,1,مرد,ايوان,شهيد رجايي اروميه,پذيرش با متقاضيان بومي شهرستان ايوان,190
49213,آموزش زبان و ادبيات فارسي,1,مرد,ايوان,شهيد مدرس ايالم,پذيرش با متقاضيان بومي شهرستان ايوان,191
49225,آموزش علوم اجتماعي,1,مرد,ملکشاهي,شهيد مدرس ايالم,پذيرش با متقاضيان بومي شهرستان ملکشاهي,191
49236,امور تربيتي,1,مرد,ملکشاهي,شهيد مدرس ايالم,پذيرش با متقاضيان بومي شهرستان ملکشاهي,191
49243,راهنمايي و مشاوره,1,زن,ملکشاهي,شهيد صدوقي کرمانشاه,پذيرش با متقاضيان بومي شهرستان ملکشاهي,191
49255,راهنمايي و مشاوره,1,مرد,ملکشاهي,شهيد رجايي کرمانشاه,پذيرش با متقاضيان بومي شهرستان ملکشاهي,192
49256,راهنمايي و مشاوره,1,مرد,ايوان,شهيد رجايي کرمانشاه,پذيرش با متقاضيان بومي شهرستان ايوان,192
